org_node_id,parent_org_node_id,node_type,node_name,ref_id,path
ORG_ROOT,,company,HERO,,HERO
ORG_DEPT_bi___marketing,ORG_ROOT,department,BI & Marketing,DEPT_bi___marketing,HERO > BI & Marketing
ORG_DEPT_ci___audit,ORG_ROOT,department,CI & Audit,DEPT_ci___audit,HERO > CI & Audit
ORG_DEPT_central_services,ORG_ROOT,department,Central Services,DEPT_central_services,HERO > Central Services
ORG_DEPT_finance___accounting,ORG_ROOT,department,Finance & Accounting,DEPT_finance___accounting,HERO > Finance & Accounting
ORG_DEPT_human_capital,ORG_ROOT,department,Human Capital,DEPT_human_capital,HERO > Human Capital
ORG_DEPT_legal___erm,ORG_ROOT,department,Legal & ERM,DEPT_legal___erm,HERO > Legal & ERM
ORG_DEPT_management,ORG_ROOT,department,Management,DEPT_management,HERO > Management
ORG_DEPT_sales_operation,ORG_ROOT,department,Sales Operation,DEPT_sales_operation,HERO > Sales Operation
ORG_DEPT_supply_chain_dept,ORG_ROOT,department,Supply Chain Dept,DEPT_supply_chain_dept,HERO > Supply Chain Dept
ORG_DEPT_support_facilities_management,ORG_ROOT,department,Support Facilities Management,DEPT_support_facilities_management,HERO > Support Facilities Management
ORG_SEC_bi___marketing_business_innovation___marketing,ORG_DEPT_bi___marketing,section,Business Innovation & Marketing,SEC_bi___marketing_business_innovation___marketing,HERO > BI & Marketing > Business Innovation & Marketing
ORG_SEC_bi___marketing_business_innovation___marketing_SITE_balikpapan,ORG_SEC_bi___marketing_business_innovation___marketing,site,Balikpapan,SITE_balikpapan,HERO > BI & Marketing > Business Innovation & Marketing > Balikpapan
ORG_SEC_bi___marketing_business_innovation___marketing_SITE_balikpapan_WORK_balikpapan,ORG_SEC_bi___marketing_business_innovation___marketing_SITE_balikpapan,work_location,Balikpapan,WORK_balikpapan,HERO > BI & Marketing > Business Innovation & Marketing > Balikpapan > Balikpapan
ORG_SEC_bi___marketing_database___innovation,ORG_DEPT_bi___marketing,section,Database & Innovation,SEC_bi___marketing_database___innovation,HERO > BI & Marketing > Database & Innovation
ORG_SEC_bi___marketing_database___innovation_SITE_balikpapan,ORG_SEC_bi___marketing_database___innovation,site,Balikpapan,SITE_balikpapan,HERO > BI & Marketing > Database & Innovation > Balikpapan
ORG_SEC_bi___marketing_database___innovation_SITE_balikpapan_WORK_balikpapan,ORG_SEC_bi___marketing_database___innovation_SITE_balikpapan,work_location,Balikpapan,WORK_balikpapan,HERO > BI & Marketing > Database & Innovation > Balikpapan > Balikpapan
ORG_SEC_bi___marketing_database___innovation_SITE_vale___sorowako,ORG_SEC_bi___marketing_database___innovation,site,Vale - Sorowako,SITE_vale___sorowako,HERO > BI & Marketing > Database & Innovation > Vale - Sorowako
ORG_SEC_bi___marketing_database___innovation_SITE_vale___sorowako_WORK_innovation___ck_kim,ORG_SEC_bi___marketing_database___innovation_SITE_vale___sorowako,work_location,Innovation - CK KIM,WORK_innovation___ck_kim,HERO > BI & Marketing > Database & Innovation > Vale - Sorowako > Innovation - CK KIM
ORG_SEC_bi___marketing_finance_business_partner,ORG_DEPT_bi___marketing,section,Finance Business Partner,SEC_bi___marketing_finance_business_partner,HERO > BI & Marketing > Finance Business Partner
ORG_SEC_bi___marketing_finance_business_partner_SITE_jakarta,ORG_SEC_bi___marketing_finance_business_partner,site,Jakarta,SITE_jakarta,HERO > BI & Marketing > Finance Business Partner > Jakarta
ORG_SEC_bi___marketing_finance_business_partner_SITE_jakarta_WORK_jakarta,ORG_SEC_bi___marketing_finance_business_partner_SITE_jakarta,work_location,Jakarta,WORK_jakarta,HERO > BI & Marketing > Finance Business Partner > Jakarta > Jakarta
ORG_SEC_bi___marketing_information_technology,ORG_DEPT_bi___marketing,section,Information Technology,SEC_bi___marketing_information_technology,HERO > BI & Marketing > Information Technology
ORG_SEC_bi___marketing_information_technology_SITE_balikpapan,ORG_SEC_bi___marketing_information_technology,site,Balikpapan,SITE_balikpapan,HERO > BI & Marketing > Information Technology > Balikpapan
ORG_SEC_bi___marketing_information_technology_SITE_balikpapan_WORK_balikpapan,ORG_SEC_bi___marketing_information_technology_SITE_balikpapan,work_location,Balikpapan,WORK_balikpapan,HERO > BI & Marketing > Information Technology > Balikpapan > Balikpapan
ORG_SEC_bi___marketing_information_technology_SITE_jakarta,ORG_SEC_bi___marketing_information_technology,site,Jakarta,SITE_jakarta,HERO > BI & Marketing > Information Technology > Jakarta
ORG_SEC_bi___marketing_information_technology_SITE_jakarta_WORK_jakarta,ORG_SEC_bi___marketing_information_technology_SITE_jakarta,work_location,Jakarta,WORK_jakarta,HERO > BI & Marketing > Information Technology > Jakarta > Jakarta
ORG_SEC_bi___marketing_marketing___corporate_comm,ORG_DEPT_bi___marketing,section,Marketing & Corporate Comm,SEC_bi___marketing_marketing___corporate_comm,HERO > BI & Marketing > Marketing & Corporate Comm
ORG_SEC_bi___marketing_marketing___corporate_comm_SITE_balikpapan,ORG_SEC_bi___marketing_marketing___corporate_comm,site,Balikpapan,SITE_balikpapan,HERO > BI & Marketing > Marketing & Corporate Comm > Balikpapan
ORG_SEC_bi___marketing_marketing___corporate_comm_SITE_balikpapan_WORK_balikpapan,ORG_SEC_bi___marketing_marketing___corporate_comm_SITE_balikpapan,work_location,Balikpapan,WORK_balikpapan,HERO > BI & Marketing > Marketing & Corporate Comm > Balikpapan > Balikpapan
ORG_SEC_bi___marketing_marketing___corporate_comm_SITE_jakarta,ORG_SEC_bi___marketing_marketing___corporate_comm,site,Jakarta,SITE_jakarta,HERO > BI & Marketing > Marketing & Corporate Comm > Jakarta
ORG_SEC_bi___marketing_marketing___corporate_comm_SITE_jakarta_WORK_jakarta,ORG_SEC_bi___marketing_marketing___corporate_comm_SITE_jakarta,work_location,Jakarta,WORK_jakarta,HERO > BI & Marketing > Marketing & Corporate Comm > Jakarta > Jakarta
ORG_SEC_bi___marketing_office_strategic_management,ORG_DEPT_bi___marketing,section,Office Strategic Management,SEC_bi___marketing_office_strategic_management,HERO > BI & Marketing > Office Strategic Management
ORG_SEC_bi___marketing_office_strategic_management_SITE_jakarta,ORG_SEC_bi___marketing_office_strategic_management,site,Jakarta,SITE_jakarta,HERO > BI & Marketing > Office Strategic Management > Jakarta
ORG_SEC_bi___marketing_office_strategic_management_SITE_jakarta_WORK_jakarta,ORG_SEC_bi___marketing_office_strategic_management_SITE_jakarta,work_location,Jakarta,WORK_jakarta,HERO > BI & Marketing > Office Strategic Management > Jakarta > Jakarta
ORG_SEC_ci___audit_business_process_improvement___ia_reps,ORG_DEPT_ci___audit,section,Business Process Improvement & IA Reps.,SEC_ci___audit_business_process_improvement___ia_reps,HERO > CI & Audit > Business Process Improvement & IA Reps.
ORG_SEC_ci___audit_business_process_improvement___ia_reps_SITE_balikpapan,ORG_SEC_ci___audit_business_process_improvement___ia_reps,site,Balikpapan,SITE_balikpapan,HERO > CI & Audit > Business Process Improvement & IA Reps. > Balikpapan
ORG_SEC_ci___audit_business_process_improvement___ia_reps_SITE_balikpapan_WORK_balikpapan,ORG_SEC_ci___audit_business_process_improvement___ia_reps_SITE_balikpapan,work_location,Balikpapan,WORK_balikpapan,HERO > CI & Audit > Business Process Improvement & IA Reps. > Balikpapan > Balikpapan
ORG_SEC_ci___audit_quality_management,ORG_DEPT_ci___audit,section,Quality Management,SEC_ci___audit_quality_management,HERO > CI & Audit > Quality Management
ORG_SEC_ci___audit_quality_management_SITE_balikpapan,ORG_SEC_ci___audit_quality_management,site,Balikpapan,SITE_balikpapan,HERO > CI & Audit > Quality Management > Balikpapan
ORG_SEC_ci___audit_quality_management_SITE_balikpapan_WORK_balikpapan,ORG_SEC_ci___audit_quality_management_SITE_balikpapan,work_location,Balikpapan,WORK_balikpapan,HERO > CI & Audit > Quality Management > Balikpapan > Balikpapan
ORG_SEC_central_services_central_services,ORG_DEPT_central_services,section,Central Services,SEC_central_services_central_services,HERO > Central Services > Central Services
ORG_SEC_central_services_central_services_SITE_balikpapan,ORG_SEC_central_services_central_services,site,Balikpapan,SITE_balikpapan,HERO > Central Services > Central Services > Balikpapan
ORG_SEC_central_services_central_services_SITE_balikpapan_WORK_balikpapan,ORG_SEC_central_services_central_services_SITE_balikpapan,work_location,Balikpapan,WORK_balikpapan,HERO > Central Services > Central Services > Balikpapan > Balikpapan
ORG_SEC_central_services_corporate_wellness_specialist,ORG_DEPT_central_services,section,Corporate Wellness Specialist,SEC_central_services_corporate_wellness_specialist,HERO > Central Services > Corporate Wellness Specialist
ORG_SEC_central_services_corporate_wellness_specialist_SITE_balikpapan,ORG_SEC_central_services_corporate_wellness_specialist,site,Balikpapan,SITE_balikpapan,HERO > Central Services > Corporate Wellness Specialist > Balikpapan
ORG_SEC_central_services_corporate_wellness_specialist_SITE_balikpapan_WORK_repair___retread___balikpapan,ORG_SEC_central_services_corporate_wellness_specialist_SITE_balikpapan,work_location,Repair & Retread - Balikpapan,WORK_repair___retread___balikpapan,HERO > Central Services > Corporate Wellness Specialist > Balikpapan > Repair & Retread - Balikpapan
ORG_SEC_central_services_product_accessories,ORG_DEPT_central_services,section,Product Accessories,SEC_central_services_product_accessories,HERO > Central Services > Product Accessories
ORG_SEC_central_services_product_accessories_SITE_balikpapan,ORG_SEC_central_services_product_accessories,site,Balikpapan,SITE_balikpapan,HERO > Central Services > Product Accessories > Balikpapan
ORG_SEC_central_services_product_accessories_SITE_balikpapan_WORK_pa___balikpapan,ORG_SEC_central_services_product_accessories_SITE_balikpapan,work_location,PA - Balikpapan,WORK_pa___balikpapan,HERO > Central Services > Product Accessories > Balikpapan > PA - Balikpapan
ORG_SEC_central_services_product_accessories_SITE_balikpapan_WORK_service_operation___balikpapan,ORG_SEC_central_services_product_accessories_SITE_balikpapan,work_location,Service Operation - Balikpapan,WORK_service_operation___balikpapan,HERO > Central Services > Product Accessories > Balikpapan > Service Operation - Balikpapan
ORG_SEC_central_services_repair___retread_operation,ORG_DEPT_central_services,section,Repair / Retread Operation,SEC_central_services_repair___retread_operation,HERO > Central Services > Repair / Retread Operation
ORG_SEC_central_services_repair___retread_operation_SITE_amm_mifa_holing,ORG_SEC_central_services_repair___retread_operation,site,AMM Mifa Holing,SITE_amm_mifa_holing,HERO > Central Services > Repair / Retread Operation > AMM Mifa Holing
ORG_SEC_central_services_repair___retread_operation_SITE_amm_mifa_holing_WORK_repair___retread___amm_mifa_holing,ORG_SEC_central_services_repair___retread_operation_SITE_amm_mifa_holing,work_location,Repair & Retread - AMM Mifa Holing,WORK_repair___retread___amm_mifa_holing,HERO > Central Services > Repair / Retread Operation > AMM Mifa Holing > Repair & Retread - AMM Mifa Holing
ORG_SEC_central_services_repair___retread_operation_SITE_balikpapan,ORG_SEC_central_services_repair___retread_operation,site,Balikpapan,SITE_balikpapan,HERO > Central Services > Repair / Retread Operation > Balikpapan
ORG_SEC_central_services_repair___retread_operation_SITE_balikpapan_WORK_repair___retread___bsi_banyuwangi,ORG_SEC_central_services_repair___retread_operation_SITE_balikpapan,work_location,Repair & Retread - BSI Banyuwangi,WORK_repair___retread___bsi_banyuwangi,HERO > Central Services > Repair / Retread Operation > Balikpapan > Repair & Retread - BSI Banyuwangi
ORG_SEC_central_services_repair___retread_operation_SITE_balikpapan_WORK_repair___retread___balikpapan,ORG_SEC_central_services_repair___retread_operation_SITE_balikpapan,work_location,Repair & Retread - Balikpapan,WORK_repair___retread___balikpapan,HERO > Central Services > Repair / Retread Operation > Balikpapan > Repair & Retread - Balikpapan
ORG_SEC_central_services_repair___retread_operation_SITE_balikpapan_WORK_repair___retread___ck_dmp_lahat,ORG_SEC_central_services_repair___retread_operation_SITE_balikpapan,work_location,Repair & Retread - CK DMP Lahat,WORK_repair___retread___ck_dmp_lahat,HERO > Central Services > Repair / Retread Operation > Balikpapan > Repair & Retread - CK DMP Lahat
ORG_SEC_central_services_repair___retread_operation_SITE_balikpapan_WORK_repair___retread___ck_kim_jambi,ORG_SEC_central_services_repair___retread_operation_SITE_balikpapan,work_location,Repair & Retread - CK KIM Jambi,WORK_repair___retread___ck_kim_jambi,HERO > Central Services > Repair / Retread Operation > Balikpapan > Repair & Retread - CK KIM Jambi
ORG_SEC_central_services_repair___retread_operation_SITE_balikpapan_WORK_repair___retread___macmahon_martabe,ORG_SEC_central_services_repair___retread_operation_SITE_balikpapan,work_location,Repair & Retread - Macmahon Martabe,WORK_repair___retread___macmahon_martabe,HERO > Central Services > Repair / Retread Operation > Balikpapan > Repair & Retread - Macmahon Martabe
ORG_SEC_central_services_repair___retread_operation_SITE_balikpapan_WORK_repair___retread___madhani_berau,ORG_SEC_central_services_repair___retread_operation_SITE_balikpapan,work_location,Repair & Retread - Madhani Berau,WORK_repair___retread___madhani_berau,HERO > Central Services > Repair / Retread Operation > Balikpapan > Repair & Retread - Madhani Berau
ORG_SEC_central_services_repair___retread_operation_SITE_balikpapan_WORK_repair___retread___sangatta,ORG_SEC_central_services_repair___retread_operation_SITE_balikpapan,work_location,Repair & Retread - Sangatta,WORK_repair___retread___sangatta,HERO > Central Services > Repair / Retread Operation > Balikpapan > Repair & Retread - Sangatta
ORG_SEC_central_services_repair___retread_operation_SITE_balikpapan_WORK_service_operation___amm_tabang,ORG_SEC_central_services_repair___retread_operation_SITE_balikpapan,work_location,Service Operation - AMM Tabang,WORK_service_operation___amm_tabang,HERO > Central Services > Repair / Retread Operation > Balikpapan > Service Operation - AMM Tabang
ORG_SEC_central_services_repair___retread_operation_SITE_balikpapan_WORK_service_operation___ck_bmb,ORG_SEC_central_services_repair___retread_operation_SITE_balikpapan,work_location,Service Operation - CK BMB,WORK_service_operation___ck_bmb,HERO > Central Services > Repair / Retread Operation > Balikpapan > Service Operation - CK BMB
ORG_SEC_central_services_repair___retread_operation_SITE_ck_bib,ORG_SEC_central_services_repair___retread_operation,site,CK BIB,SITE_ck_bib,HERO > Central Services > Repair / Retread Operation > CK BIB
ORG_SEC_central_services_repair___retread_operation_SITE_ck_bib_WORK_repair___retread___ck_bib,ORG_SEC_central_services_repair___retread_operation_SITE_ck_bib,work_location,Repair & Retread - CK BIB,WORK_repair___retread___ck_bib,HERO > Central Services > Repair / Retread Operation > CK BIB > Repair & Retread - CK BIB
ORG_SEC_central_services_repair___retread_operation_SITE_ck_bib_WORK_repair___retread___ck_bmb,ORG_SEC_central_services_repair___retread_operation_SITE_ck_bib,work_location,Repair & Retread - CK BMB,WORK_repair___retread___ck_bmb,HERO > Central Services > Repair / Retread Operation > CK BIB > Repair & Retread - CK BMB
ORG_SEC_central_services_repair___retread_operation_SITE_ck_bib_WORK_repair___retread___ck_mhu,ORG_SEC_central_services_repair___retread_operation_SITE_ck_bib,work_location,Repair & Retread - CK MHU,WORK_repair___retread___ck_mhu,HERO > Central Services > Repair / Retread Operation > CK BIB > Repair & Retread - CK MHU
ORG_SEC_central_services_repair___retread_operation_SITE_ck_bib_WORK_repair___retread___sangatta,ORG_SEC_central_services_repair___retread_operation_SITE_ck_bib,work_location,Repair & Retread - Sangatta,WORK_repair___retread___sangatta,HERO > Central Services > Repair / Retread Operation > CK BIB > Repair & Retread - Sangatta
ORG_SEC_central_services_repair___retread_operation_SITE_ck_bmb,ORG_SEC_central_services_repair___retread_operation,site,CK BMB,SITE_ck_bmb,HERO > Central Services > Repair / Retread Operation > CK BMB
ORG_SEC_central_services_repair___retread_operation_SITE_ck_bmb_WORK_repair___retread___ck_bmb,ORG_SEC_central_services_repair___retread_operation_SITE_ck_bmb,work_location,Repair & Retread - CK BMB,WORK_repair___retread___ck_bmb,HERO > Central Services > Repair / Retread Operation > CK BMB > Repair & Retread - CK BMB
ORG_SEC_central_services_repair___retread_operation_SITE_ck_kim,ORG_SEC_central_services_repair___retread_operation,site,CK KIM,SITE_ck_kim,HERO > Central Services > Repair / Retread Operation > CK KIM
ORG_SEC_central_services_repair___retread_operation_SITE_ck_kim_WORK_repair___retread___ck_kim_jambi,ORG_SEC_central_services_repair___retread_operation_SITE_ck_kim,work_location,Repair & Retread - CK KIM Jambi,WORK_repair___retread___ck_kim_jambi,HERO > Central Services > Repair / Retread Operation > CK KIM > Repair & Retread - CK KIM Jambi
ORG_SEC_central_services_repair___retread_operation_SITE_ck_mhu,ORG_SEC_central_services_repair___retread_operation,site,CK MHU,SITE_ck_mhu,HERO > Central Services > Repair / Retread Operation > CK MHU
ORG_SEC_central_services_repair___retread_operation_SITE_ck_mhu_WORK_repair___retread___ck_mhu,ORG_SEC_central_services_repair___retread_operation_SITE_ck_mhu,work_location,Repair & Retread - CK MHU,WORK_repair___retread___ck_mhu,HERO > Central Services > Repair / Retread Operation > CK MHU > Repair & Retread - CK MHU
ORG_SEC_central_services_repair___retread_operation_SITE_kpuc_malinau,ORG_SEC_central_services_repair___retread_operation,site,KPUC Malinau,SITE_kpuc_malinau,HERO > Central Services > Repair / Retread Operation > KPUC Malinau
ORG_SEC_central_services_repair___retread_operation_SITE_kpuc_malinau_WORK_repair___retread___ck_dmp_lahat,ORG_SEC_central_services_repair___retread_operation_SITE_kpuc_malinau,work_location,Repair & Retread - CK DMP Lahat,WORK_repair___retread___ck_dmp_lahat,HERO > Central Services > Repair / Retread Operation > KPUC Malinau > Repair & Retread - CK DMP Lahat
ORG_SEC_central_services_repair___retread_operation_SITE_kpuc_malinau_WORK_repair___retread___kpuc_malinau,ORG_SEC_central_services_repair___retread_operation_SITE_kpuc_malinau,work_location,Repair & Retread - KPUC Malinau,WORK_repair___retread___kpuc_malinau,HERO > Central Services > Repair / Retread Operation > KPUC Malinau > Repair & Retread - KPUC Malinau
ORG_SEC_central_services_repair___retread_operation_SITE_mtn___berau,ORG_SEC_central_services_repair___retread_operation,site,MTN - Berau,SITE_mtn___berau,HERO > Central Services > Repair / Retread Operation > MTN - Berau
ORG_SEC_central_services_repair___retread_operation_SITE_mtn___berau_WORK_repair___retread___madhani_berau,ORG_SEC_central_services_repair___retread_operation_SITE_mtn___berau,work_location,Repair & Retread - Madhani Berau,WORK_repair___retread___madhani_berau,HERO > Central Services > Repair / Retread Operation > MTN - Berau > Repair & Retread - Madhani Berau
ORG_SEC_central_services_repair___retread_operation_SITE_mtn___berau_WORK_repair___retread___sangatta,ORG_SEC_central_services_repair___retread_operation_SITE_mtn___berau,work_location,Repair & Retread - Sangatta,WORK_repair___retread___sangatta,HERO > Central Services > Repair / Retread Operation > MTN - Berau > Repair & Retread - Sangatta
ORG_SEC_central_services_repair___retread_operation_SITE_mtn___me,ORG_SEC_central_services_repair___retread_operation,site,MTN - ME,SITE_mtn___me,HERO > Central Services > Repair / Retread Operation > MTN - ME
ORG_SEC_central_services_repair___retread_operation_SITE_mtn___me_WORK_repair___retread___madhani_me,ORG_SEC_central_services_repair___retread_operation_SITE_mtn___me,work_location,Repair & Retread - Madhani ME,WORK_repair___retread___madhani_me,HERO > Central Services > Repair / Retread Operation > MTN - ME > Repair & Retread - Madhani ME
ORG_SEC_central_services_repair___retread_operation_SITE_pka_musi_rawas,ORG_SEC_central_services_repair___retread_operation,site,PKA Musi Rawas,SITE_pka_musi_rawas,HERO > Central Services > Repair / Retread Operation > PKA Musi Rawas
ORG_SEC_central_services_repair___retread_operation_SITE_pka_musi_rawas_WORK_repair___retread___madhani_me,ORG_SEC_central_services_repair___retread_operation_SITE_pka_musi_rawas,work_location,Repair & Retread - Madhani ME,WORK_repair___retread___madhani_me,HERO > Central Services > Repair / Retread Operation > PKA Musi Rawas > Repair & Retread - Madhani ME
ORG_SEC_central_services_repair___retread_operation_SITE_pka_musi_rawas_WORK_repair___retread___ppa_bukit_asam,ORG_SEC_central_services_repair___retread_operation_SITE_pka_musi_rawas,work_location,Repair & Retread - PPA Bukit Asam,WORK_repair___retread___ppa_bukit_asam,HERO > Central Services > Repair / Retread Operation > PKA Musi Rawas > Repair & Retread - PPA Bukit Asam
ORG_SEC_central_services_repair___retread_operation_SITE_ppa_ba,ORG_SEC_central_services_repair___retread_operation,site,PPA BA,SITE_ppa_ba,HERO > Central Services > Repair / Retread Operation > PPA BA
ORG_SEC_central_services_repair___retread_operation_SITE_ppa_ba_WORK_repair___retread___ppa_bukit_asam,ORG_SEC_central_services_repair___retread_operation_SITE_ppa_ba,work_location,Repair & Retread - PPA Bukit Asam,WORK_repair___retread___ppa_bukit_asam,HERO > Central Services > Repair / Retread Operation > PPA BA > Repair & Retread - PPA Bukit Asam
ORG_SEC_central_services_repair___retread_operation_SITE_petrosea_sda,ORG_SEC_central_services_repair___retread_operation,site,Petrosea SDA,SITE_petrosea_sda,HERO > Central Services > Repair / Retread Operation > Petrosea SDA
ORG_SEC_central_services_repair___retread_operation_SITE_petrosea_sda_WORK_repair___retread___ck_bib,ORG_SEC_central_services_repair___retread_operation_SITE_petrosea_sda,work_location,Repair & Retread - CK BIB,WORK_repair___retread___ck_bib,HERO > Central Services > Repair / Retread Operation > Petrosea SDA > Repair & Retread - CK BIB
ORG_SEC_central_services_repair___retread_operation_SITE_petrosea_sda_WORK_repair___retread___kpuc_malinau,ORG_SEC_central_services_repair___retread_operation_SITE_petrosea_sda,work_location,Repair & Retread - KPUC Malinau,WORK_repair___retread___kpuc_malinau,HERO > Central Services > Repair / Retread Operation > Petrosea SDA > Repair & Retread - KPUC Malinau
ORG_SEC_central_services_repair___retread_operation_SITE_sis_adaro,ORG_SEC_central_services_repair___retread_operation,site,SIS Adaro,SITE_sis_adaro,HERO > Central Services > Repair / Retread Operation > SIS Adaro
ORG_SEC_central_services_repair___retread_operation_SITE_sis_adaro_WORK_repair___retread___balikpapan,ORG_SEC_central_services_repair___retread_operation_SITE_sis_adaro,work_location,Repair & Retread - Balikpapan,WORK_repair___retread___balikpapan,HERO > Central Services > Repair / Retread Operation > SIS Adaro > Repair & Retread - Balikpapan
ORG_SEC_central_services_repair___retread_operation_SITE_sangatta,ORG_SEC_central_services_repair___retread_operation,site,Sangatta,SITE_sangatta,HERO > Central Services > Repair / Retread Operation > Sangatta
ORG_SEC_central_services_repair___retread_operation_SITE_sangatta_WORK_repair___retread___ppa_bukit_asam,ORG_SEC_central_services_repair___retread_operation_SITE_sangatta,work_location,Repair & Retread - PPA Bukit Asam,WORK_repair___retread___ppa_bukit_asam,HERO > Central Services > Repair / Retread Operation > Sangatta > Repair & Retread - PPA Bukit Asam
ORG_SEC_central_services_repair___retread_operation_SITE_sangatta_WORK_repair___retread___sangatta,ORG_SEC_central_services_repair___retread_operation_SITE_sangatta,work_location,Repair & Retread - Sangatta,WORK_repair___retread___sangatta,HERO > Central Services > Repair / Retread Operation > Sangatta > Repair & Retread - Sangatta
ORG_SEC_central_services_repair___retread_operation_SITE_vale___sorowako,ORG_SEC_central_services_repair___retread_operation,site,Vale - Sorowako,SITE_vale___sorowako,HERO > Central Services > Repair / Retread Operation > Vale - Sorowako
ORG_SEC_central_services_repair___retread_operation_SITE_vale___sorowako_WORK_repair___retread___vale_sorowako,ORG_SEC_central_services_repair___retread_operation_SITE_vale___sorowako,work_location,Repair & Retread - Vale Sorowako,WORK_repair___retread___vale_sorowako,HERO > Central Services > Repair / Retread Operation > Vale - Sorowako > Repair & Retread - Vale Sorowako
ORG_SEC_central_services_service_operation_mvc,ORG_DEPT_central_services,section,Service Operation MVC,SEC_central_services_service_operation_mvc,HERO > Central Services > Service Operation MVC
ORG_SEC_central_services_service_operation_mvc_SITE_balikpapan,ORG_SEC_central_services_service_operation_mvc,site,Balikpapan,SITE_balikpapan,HERO > Central Services > Service Operation MVC > Balikpapan
ORG_SEC_central_services_service_operation_mvc_SITE_balikpapan_WORK_service_operation___balikpapan,ORG_SEC_central_services_service_operation_mvc_SITE_balikpapan,work_location,Service Operation - Balikpapan,WORK_service_operation___balikpapan,HERO > Central Services > Service Operation MVC > Balikpapan > Service Operation - Balikpapan
ORG_SEC_central_services_service_operation_mvc_SITE_balikpapan_WORK_service_operation___ck_bib,ORG_SEC_central_services_service_operation_mvc_SITE_balikpapan,work_location,Service Operation - CK BIB,WORK_service_operation___ck_bib,HERO > Central Services > Service Operation MVC > Balikpapan > Service Operation - CK BIB
ORG_SEC_central_services_service_operation_mvc_SITE_balikpapan_WORK_service_operation___ck_dmp_lahat,ORG_SEC_central_services_service_operation_mvc_SITE_balikpapan,work_location,Service Operation - CK DMP Lahat,WORK_service_operation___ck_dmp_lahat,HERO > Central Services > Service Operation MVC > Balikpapan > Service Operation - CK DMP Lahat
ORG_SEC_central_services_service_operation_mvc_SITE_balikpapan_WORK_service_operation___gresik,ORG_SEC_central_services_service_operation_mvc_SITE_balikpapan,work_location,Service Operation - Gresik,WORK_service_operation___gresik,HERO > Central Services > Service Operation MVC > Balikpapan > Service Operation - Gresik
ORG_SEC_central_services_service_operation_mvc_SITE_ck_bib,ORG_SEC_central_services_service_operation_mvc,site,CK BIB,SITE_ck_bib,HERO > Central Services > Service Operation MVC > CK BIB
ORG_SEC_central_services_service_operation_mvc_SITE_ck_bib_WORK_service_operation___amm_mifa_holing,ORG_SEC_central_services_service_operation_mvc_SITE_ck_bib,work_location,Service Operation - AMM Mifa Holing,WORK_service_operation___amm_mifa_holing,HERO > Central Services > Service Operation MVC > CK BIB > Service Operation - AMM Mifa Holing
ORG_SEC_central_services_service_operation_mvc_SITE_ck_bib_WORK_service_operation___amm_tabang,ORG_SEC_central_services_service_operation_mvc_SITE_ck_bib,work_location,Service Operation - AMM Tabang,WORK_service_operation___amm_tabang,HERO > Central Services > Service Operation MVC > CK BIB > Service Operation - AMM Tabang
ORG_SEC_central_services_service_operation_mvc_SITE_ck_bib_WORK_service_operation___balikpapan,ORG_SEC_central_services_service_operation_mvc_SITE_ck_bib,work_location,Service Operation - Balikpapan,WORK_service_operation___balikpapan,HERO > Central Services > Service Operation MVC > CK BIB > Service Operation - Balikpapan
ORG_SEC_central_services_service_operation_mvc_SITE_ck_bib_WORK_service_operation___ck_bib,ORG_SEC_central_services_service_operation_mvc_SITE_ck_bib,work_location,Service Operation - CK BIB,WORK_service_operation___ck_bib,HERO > Central Services > Service Operation MVC > CK BIB > Service Operation - CK BIB
ORG_SEC_central_services_service_operation_mvc_SITE_ck_bib_WORK_service_operation___ck_bmb,ORG_SEC_central_services_service_operation_mvc_SITE_ck_bib,work_location,Service Operation - CK BMB,WORK_service_operation___ck_bmb,HERO > Central Services > Service Operation MVC > CK BIB > Service Operation - CK BMB
ORG_SEC_central_services_service_operation_mvc_SITE_ck_bmb,ORG_SEC_central_services_service_operation_mvc,site,CK BMB,SITE_ck_bmb,HERO > Central Services > Service Operation MVC > CK BMB
ORG_SEC_central_services_service_operation_mvc_SITE_ck_bmb_WORK_service_operation___ck_bib,ORG_SEC_central_services_service_operation_mvc_SITE_ck_bmb,work_location,Service Operation - CK BIB,WORK_service_operation___ck_bib,HERO > Central Services > Service Operation MVC > CK BMB > Service Operation - CK BIB
ORG_SEC_central_services_service_operation_mvc_SITE_ck_bmb_WORK_service_operation___ck_bmb,ORG_SEC_central_services_service_operation_mvc_SITE_ck_bmb,work_location,Service Operation - CK BMB,WORK_service_operation___ck_bmb,HERO > Central Services > Service Operation MVC > CK BMB > Service Operation - CK BMB
ORG_SEC_central_services_service_operation_mvc_SITE_ck_kim,ORG_SEC_central_services_service_operation_mvc,site,CK KIM,SITE_ck_kim,HERO > Central Services > Service Operation MVC > CK KIM
ORG_SEC_central_services_service_operation_mvc_SITE_ck_kim_WORK_service_operation___ck_kim_jambi,ORG_SEC_central_services_service_operation_mvc_SITE_ck_kim,work_location,Service Operation - CK KIM Jambi,WORK_service_operation___ck_kim_jambi,HERO > Central Services > Service Operation MVC > CK KIM > Service Operation - CK KIM Jambi
ORG_SEC_central_services_service_operation_mvc_SITE_ck_mhu,ORG_SEC_central_services_service_operation_mvc,site,CK MHU,SITE_ck_mhu,HERO > Central Services > Service Operation MVC > CK MHU
ORG_SEC_central_services_service_operation_mvc_SITE_ck_mhu_WORK_service_operation___amm_mifa_holing,ORG_SEC_central_services_service_operation_mvc_SITE_ck_mhu,work_location,Service Operation - AMM Mifa Holing,WORK_service_operation___amm_mifa_holing,HERO > Central Services > Service Operation MVC > CK MHU > Service Operation - AMM Mifa Holing
ORG_SEC_central_services_service_operation_mvc_SITE_ck_mhu_WORK_service_operation___ck_mhu,ORG_SEC_central_services_service_operation_mvc_SITE_ck_mhu,work_location,Service Operation - CK MHU,WORK_service_operation___ck_mhu,HERO > Central Services > Service Operation MVC > CK MHU > Service Operation - CK MHU
ORG_SEC_central_services_service_operation_mvc_SITE_ck_mifa,ORG_SEC_central_services_service_operation_mvc,site,CK MIFA,SITE_ck_mifa,HERO > Central Services > Service Operation MVC > CK MIFA
ORG_SEC_central_services_service_operation_mvc_SITE_ck_mifa_WORK_service_operation___ck_dmp_lahat,ORG_SEC_central_services_service_operation_mvc_SITE_ck_mifa,work_location,Service Operation - CK DMP Lahat,WORK_service_operation___ck_dmp_lahat,HERO > Central Services > Service Operation MVC > CK MIFA > Service Operation - CK DMP Lahat
ORG_SEC_central_services_service_operation_mvc_SITE_ck_ncn,ORG_SEC_central_services_service_operation_mvc,site,CK NCN,SITE_ck_ncn,HERO > Central Services > Service Operation MVC > CK NCN
ORG_SEC_central_services_service_operation_mvc_SITE_ck_ncn_WORK_service_operation___ck_bmb,ORG_SEC_central_services_service_operation_mvc_SITE_ck_ncn,work_location,Service Operation - CK BMB,WORK_service_operation___ck_bmb,HERO > Central Services > Service Operation MVC > CK NCN > Service Operation - CK BMB
ORG_SEC_central_services_service_operation_mvc_SITE_ck_ncn_WORK_service_operation___ck_dmp_lahat,ORG_SEC_central_services_service_operation_mvc_SITE_ck_ncn,work_location,Service Operation - CK DMP Lahat,WORK_service_operation___ck_dmp_lahat,HERO > Central Services > Service Operation MVC > CK NCN > Service Operation - CK DMP Lahat
ORG_SEC_central_services_service_operation_mvc_SITE_jakarta,ORG_SEC_central_services_service_operation_mvc,site,Jakarta,SITE_jakarta,HERO > Central Services > Service Operation MVC > Jakarta
ORG_SEC_central_services_service_operation_mvc_SITE_jakarta_WORK_service_operation___jakarta,ORG_SEC_central_services_service_operation_mvc_SITE_jakarta,work_location,Service Operation - Jakarta,WORK_service_operation___jakarta,HERO > Central Services > Service Operation MVC > Jakarta > Service Operation - Jakarta
ORG_SEC_central_services_service_operation_mvc_SITE_tu_batu_hijau,ORG_SEC_central_services_service_operation_mvc,site,TU Batu Hijau,SITE_tu_batu_hijau,HERO > Central Services > Service Operation MVC > TU Batu Hijau
ORG_SEC_central_services_service_operation_mvc_SITE_tu_batu_hijau_WORK_service_operation___batu_hijau_sumbawa,ORG_SEC_central_services_service_operation_mvc_SITE_tu_batu_hijau,work_location,Service Operation - Batu Hijau Sumbawa,WORK_service_operation___batu_hijau_sumbawa,HERO > Central Services > Service Operation MVC > TU Batu Hijau > Service Operation - Batu Hijau Sumbawa
ORG_SEC_central_services_service_operation_mvc_SITE_tu_gresik,ORG_SEC_central_services_service_operation_mvc,site,TU Gresik,SITE_tu_gresik,HERO > Central Services > Service Operation MVC > TU Gresik
ORG_SEC_central_services_service_operation_mvc_SITE_tu_gresik_WORK_service_operation___ck_bmb,ORG_SEC_central_services_service_operation_mvc_SITE_tu_gresik,work_location,Service Operation - CK BMB,WORK_service_operation___ck_bmb,HERO > Central Services > Service Operation MVC > TU Gresik > Service Operation - CK BMB
ORG_SEC_central_services_service_operation_mvc_SITE_tu_gresik_WORK_service_operation___gresik,ORG_SEC_central_services_service_operation_mvc_SITE_tu_gresik,work_location,Service Operation - Gresik,WORK_service_operation___gresik,HERO > Central Services > Service Operation MVC > TU Gresik > Service Operation - Gresik
ORG_SEC_central_services_service_operation_others,ORG_DEPT_central_services,section,Service Operation Others,SEC_central_services_service_operation_others,HERO > Central Services > Service Operation Others
ORG_SEC_central_services_service_operation_others_SITE_amm_mifa_holing,ORG_SEC_central_services_service_operation_others,site,AMM Mifa Holing,SITE_amm_mifa_holing,HERO > Central Services > Service Operation Others > AMM Mifa Holing
ORG_SEC_central_services_service_operation_others_SITE_amm_mifa_holing_WORK_service_operation___amm_mifa_holing,ORG_SEC_central_services_service_operation_others_SITE_amm_mifa_holing,work_location,Service Operation - AMM Mifa Holing,WORK_service_operation___amm_mifa_holing,HERO > Central Services > Service Operation Others > AMM Mifa Holing > Service Operation - AMM Mifa Holing
ORG_SEC_central_services_service_operation_others_SITE_amm_tabang,ORG_SEC_central_services_service_operation_others,site,AMM Tabang,SITE_amm_tabang,HERO > Central Services > Service Operation Others > AMM Tabang
ORG_SEC_central_services_service_operation_others_SITE_amm_tabang_WORK_service_operation___amm_tabang,ORG_SEC_central_services_service_operation_others_SITE_amm_tabang,work_location,Service Operation - AMM Tabang,WORK_service_operation___amm_tabang,HERO > Central Services > Service Operation Others > AMM Tabang > Service Operation - AMM Tabang
ORG_SEC_central_services_service_operation_others_SITE_amm_tabang_WORK_service_operation___ck_bib,ORG_SEC_central_services_service_operation_others_SITE_amm_tabang,work_location,Service Operation - CK BIB,WORK_service_operation___ck_bib,HERO > Central Services > Service Operation Others > AMM Tabang > Service Operation - CK BIB
ORG_SEC_central_services_service_operation_others_SITE_amm_tabang_WORK_service_operation___ck_bmb,ORG_SEC_central_services_service_operation_others_SITE_amm_tabang,work_location,Service Operation - CK BMB,WORK_service_operation___ck_bmb,HERO > Central Services > Service Operation Others > AMM Tabang > Service Operation - CK BMB
ORG_SEC_central_services_service_operation_others_SITE_balikpapan,ORG_SEC_central_services_service_operation_others,site,Balikpapan,SITE_balikpapan,HERO > Central Services > Service Operation Others > Balikpapan
ORG_SEC_central_services_service_operation_others_SITE_balikpapan_WORK_service_operation___balikpapan,ORG_SEC_central_services_service_operation_others_SITE_balikpapan,work_location,Service Operation - Balikpapan,WORK_service_operation___balikpapan,HERO > Central Services > Service Operation Others > Balikpapan > Service Operation - Balikpapan
ORG_SEC_central_services_service_operation_others_SITE_jakarta,ORG_SEC_central_services_service_operation_others,site,Jakarta,SITE_jakarta,HERO > Central Services > Service Operation Others > Jakarta
ORG_SEC_central_services_service_operation_others_SITE_jakarta_WORK_service_operation___jakarta,ORG_SEC_central_services_service_operation_others_SITE_jakarta,work_location,Service Operation - Jakarta,WORK_service_operation___jakarta,HERO > Central Services > Service Operation Others > Jakarta > Service Operation - Jakarta
ORG_SEC_central_services_service_operation_others_SITE_ppa_bib,ORG_SEC_central_services_service_operation_others,site,PPA BIB,SITE_ppa_bib,HERO > Central Services > Service Operation Others > PPA BIB
ORG_SEC_central_services_service_operation_others_SITE_ppa_bib_WORK_service_operation___ck_bmb,ORG_SEC_central_services_service_operation_others_SITE_ppa_bib,work_location,Service Operation - CK BMB,WORK_service_operation___ck_bmb,HERO > Central Services > Service Operation Others > PPA BIB > Service Operation - CK BMB
ORG_SEC_central_services_service_operation_others_SITE_ppa_bib_WORK_service_operation___ppa_bib,ORG_SEC_central_services_service_operation_others_SITE_ppa_bib,work_location,Service Operation - PPA BIB,WORK_service_operation___ppa_bib,HERO > Central Services > Service Operation Others > PPA BIB > Service Operation - PPA BIB
ORG_SEC_central_services_service_operation_others_SITE_petrosea_freeport,ORG_SEC_central_services_service_operation_others,site,Petrosea Freeport,SITE_petrosea_freeport,HERO > Central Services > Service Operation Others > Petrosea Freeport
ORG_SEC_central_services_service_operation_others_SITE_petrosea_freeport_WORK_service_operation___petrosea_freeport,ORG_SEC_central_services_service_operation_others_SITE_petrosea_freeport,work_location,Service Operation - Petrosea Freeport,WORK_service_operation___petrosea_freeport,HERO > Central Services > Service Operation Others > Petrosea Freeport > Service Operation - Petrosea Freeport
ORG_SEC_central_services_service_operation_others_SITE_sis_adaro,ORG_SEC_central_services_service_operation_others,site,SIS Adaro,SITE_sis_adaro,HERO > Central Services > Service Operation Others > SIS Adaro
ORG_SEC_central_services_service_operation_others_SITE_sis_adaro_WORK_service_operation___balikpapan,ORG_SEC_central_services_service_operation_others_SITE_sis_adaro,work_location,Service Operation - Balikpapan,WORK_service_operation___balikpapan,HERO > Central Services > Service Operation Others > SIS Adaro > Service Operation - Balikpapan
ORG_SEC_central_services_service_operation_others_SITE_sis_adaro_WORK_service_operation___ck_mhu,ORG_SEC_central_services_service_operation_others_SITE_sis_adaro,work_location,Service Operation - CK MHU,WORK_service_operation___ck_mhu,HERO > Central Services > Service Operation Others > SIS Adaro > Service Operation - CK MHU
ORG_SEC_central_services_service_operation_others_SITE_vale___sorowako,ORG_SEC_central_services_service_operation_others,site,Vale - Sorowako,SITE_vale___sorowako,HERO > Central Services > Service Operation Others > Vale - Sorowako
ORG_SEC_central_services_service_operation_others_SITE_vale___sorowako_WORK_repair___retread___vale_sorowako,ORG_SEC_central_services_service_operation_others_SITE_vale___sorowako,work_location,Repair & Retread - Vale Sorowako,WORK_repair___retread___vale_sorowako,HERO > Central Services > Service Operation Others > Vale - Sorowako > Repair & Retread - Vale Sorowako
ORG_SEC_central_services_service_operation_others_SITE_vale___sorowako_WORK_service_operation___balikpapan,ORG_SEC_central_services_service_operation_others_SITE_vale___sorowako,work_location,Service Operation - Balikpapan,WORK_service_operation___balikpapan,HERO > Central Services > Service Operation Others > Vale - Sorowako > Service Operation - Balikpapan
ORG_SEC_central_services_service_operation_others_SITE_vale___sorowako_WORK_service_operation___ppa_bib,ORG_SEC_central_services_service_operation_others_SITE_vale___sorowako,work_location,Service Operation - PPA BIB,WORK_service_operation___ppa_bib,HERO > Central Services > Service Operation Others > Vale - Sorowako > Service Operation - PPA BIB
ORG_SEC_central_services_service_operation_others_SITE_vale___sorowako_WORK_service_operation___vale_sorowako,ORG_SEC_central_services_service_operation_others_SITE_vale___sorowako,work_location,Service Operation - Vale Sorowako,WORK_service_operation___vale_sorowako,HERO > Central Services > Service Operation Others > Vale - Sorowako > Service Operation - Vale Sorowako
ORG_SEC_central_services_technical_operation,ORG_DEPT_central_services,section,Technical Operation,SEC_central_services_technical_operation,HERO > Central Services > Technical Operation
ORG_SEC_central_services_technical_operation_SITE_amm_mifa_holing,ORG_SEC_central_services_technical_operation,site,AMM Mifa Holing,SITE_amm_mifa_holing,HERO > Central Services > Technical Operation > AMM Mifa Holing
ORG_SEC_central_services_technical_operation_SITE_amm_mifa_holing_WORK_technical___amm_mifa_holing,ORG_SEC_central_services_technical_operation_SITE_amm_mifa_holing,work_location,Technical - AMM Mifa Holing,WORK_technical___amm_mifa_holing,HERO > Central Services > Technical Operation > AMM Mifa Holing > Technical - AMM Mifa Holing
ORG_SEC_central_services_technical_operation_SITE_amm_tabang,ORG_SEC_central_services_technical_operation,site,AMM Tabang,SITE_amm_tabang,HERO > Central Services > Technical Operation > AMM Tabang
ORG_SEC_central_services_technical_operation_SITE_amm_tabang_WORK_technical___amm_tabang,ORG_SEC_central_services_technical_operation_SITE_amm_tabang,work_location,Technical - AMM Tabang,WORK_technical___amm_tabang,HERO > Central Services > Technical Operation > AMM Tabang > Technical - AMM Tabang
ORG_SEC_central_services_technical_operation_SITE_balikpapan,ORG_SEC_central_services_technical_operation,site,Balikpapan,SITE_balikpapan,HERO > Central Services > Technical Operation > Balikpapan
ORG_SEC_central_services_technical_operation_SITE_balikpapan_WORK_technical___balikpapan,ORG_SEC_central_services_technical_operation_SITE_balikpapan,work_location,Technical - Balikpapan,WORK_technical___balikpapan,HERO > Central Services > Technical Operation > Balikpapan > Technical - Balikpapan
ORG_SEC_central_services_technical_operation_SITE_balikpapan_WORK_technical___ck_kim_jambi,ORG_SEC_central_services_technical_operation_SITE_balikpapan,work_location,Technical - CK KIM Jambi,WORK_technical___ck_kim_jambi,HERO > Central Services > Technical Operation > Balikpapan > Technical - CK KIM Jambi
ORG_SEC_central_services_technical_operation_SITE_cde_bengkulu,ORG_SEC_central_services_technical_operation,site,CDE Bengkulu,SITE_cde_bengkulu,HERO > Central Services > Technical Operation > CDE Bengkulu
ORG_SEC_central_services_technical_operation_SITE_cde_bengkulu_WORK_technical___palembang,ORG_SEC_central_services_technical_operation_SITE_cde_bengkulu,work_location,Technical - Palembang,WORK_technical___palembang,HERO > Central Services > Technical Operation > CDE Bengkulu > Technical - Palembang
ORG_SEC_central_services_technical_operation_SITE_ck_bib,ORG_SEC_central_services_technical_operation,site,CK BIB,SITE_ck_bib,HERO > Central Services > Technical Operation > CK BIB
ORG_SEC_central_services_technical_operation_SITE_ck_bib_WORK_technical___ck_bib,ORG_SEC_central_services_technical_operation_SITE_ck_bib,work_location,Technical - CK BIB,WORK_technical___ck_bib,HERO > Central Services > Technical Operation > CK BIB > Technical - CK BIB
ORG_SEC_central_services_technical_operation_SITE_ck_dmp,ORG_SEC_central_services_technical_operation,site,CK DMP,SITE_ck_dmp,HERO > Central Services > Technical Operation > CK DMP
ORG_SEC_central_services_technical_operation_SITE_ck_dmp_WORK_technical___ck_dmp_lahat,ORG_SEC_central_services_technical_operation_SITE_ck_dmp,work_location,Technical - CK DMP Lahat,WORK_technical___ck_dmp_lahat,HERO > Central Services > Technical Operation > CK DMP > Technical - CK DMP Lahat
ORG_SEC_central_services_technical_operation_SITE_ck_kim,ORG_SEC_central_services_technical_operation,site,CK KIM,SITE_ck_kim,HERO > Central Services > Technical Operation > CK KIM
ORG_SEC_central_services_technical_operation_SITE_ck_kim_WORK_technical___ck_kim_jambi,ORG_SEC_central_services_technical_operation_SITE_ck_kim,work_location,Technical - CK KIM Jambi,WORK_technical___ck_kim_jambi,HERO > Central Services > Technical Operation > CK KIM > Technical - CK KIM Jambi
ORG_SEC_central_services_technical_operation_SITE_ck_mhu,ORG_SEC_central_services_technical_operation,site,CK MHU,SITE_ck_mhu,HERO > Central Services > Technical Operation > CK MHU
ORG_SEC_central_services_technical_operation_SITE_ck_mhu_WORK_technical___ck_mhu,ORG_SEC_central_services_technical_operation_SITE_ck_mhu,work_location,Technical - CK MHU,WORK_technical___ck_mhu,HERO > Central Services > Technical Operation > CK MHU > Technical - CK MHU
ORG_SEC_central_services_technical_operation_SITE_ppa_bib,ORG_SEC_central_services_technical_operation,site,PPA BIB,SITE_ppa_bib,HERO > Central Services > Technical Operation > PPA BIB
ORG_SEC_central_services_technical_operation_SITE_ppa_bib_WORK_technical___ppa_bib,ORG_SEC_central_services_technical_operation_SITE_ppa_bib,work_location,Technical - PPA BIB,WORK_technical___ppa_bib,HERO > Central Services > Technical Operation > PPA BIB > Technical - PPA BIB
ORG_SEC_central_services_technical_operation_SITE_pt_smj___berau,ORG_SEC_central_services_technical_operation,site,PT SMJ - Berau,SITE_pt_smj___berau,HERO > Central Services > Technical Operation > PT SMJ - Berau
ORG_SEC_central_services_technical_operation_SITE_pt_smj___berau_WORK_technical___ck_bib,ORG_SEC_central_services_technical_operation_SITE_pt_smj___berau,work_location,Technical - CK BIB,WORK_technical___ck_bib,HERO > Central Services > Technical Operation > PT SMJ - Berau > Technical - CK BIB
ORG_SEC_central_services_technical_operation_SITE_petrosea_freeport,ORG_SEC_central_services_technical_operation,site,Petrosea Freeport,SITE_petrosea_freeport,HERO > Central Services > Technical Operation > Petrosea Freeport
ORG_SEC_central_services_technical_operation_SITE_petrosea_freeport_WORK_technical___petrosea_freeport,ORG_SEC_central_services_technical_operation_SITE_petrosea_freeport,work_location,Technical - Petrosea Freeport,WORK_technical___petrosea_freeport,HERO > Central Services > Technical Operation > Petrosea Freeport > Technical - Petrosea Freeport
ORG_SEC_central_services_technical_operation_SITE_sangatta,ORG_SEC_central_services_technical_operation,site,Sangatta,SITE_sangatta,HERO > Central Services > Technical Operation > Sangatta
ORG_SEC_central_services_technical_operation_SITE_sangatta_WORK_technical___sangatta,ORG_SEC_central_services_technical_operation_SITE_sangatta,work_location,Technical - Sangatta,WORK_technical___sangatta,HERO > Central Services > Technical Operation > Sangatta > Technical - Sangatta
ORG_SEC_central_services_technical_operation_SITE_tj__adaro,ORG_SEC_central_services_technical_operation,site,Tj. Adaro,SITE_tj__adaro,HERO > Central Services > Technical Operation > Tj. Adaro
ORG_SEC_central_services_technical_operation_SITE_tj__adaro_WORK_technical___tanjung_tabalong,ORG_SEC_central_services_technical_operation_SITE_tj__adaro,work_location,Technical - Tanjung Tabalong,WORK_technical___tanjung_tabalong,HERO > Central Services > Technical Operation > Tj. Adaro > Technical - Tanjung Tabalong
ORG_SEC_central_services_technical_operation_SITE_vale___sorowako,ORG_SEC_central_services_technical_operation,site,Vale - Sorowako,SITE_vale___sorowako,HERO > Central Services > Technical Operation > Vale - Sorowako
ORG_SEC_central_services_technical_operation_SITE_vale___sorowako_WORK_technical___vale_sorowako,ORG_SEC_central_services_technical_operation_SITE_vale___sorowako,work_location,Technical - Vale Sorowako,WORK_technical___vale_sorowako,HERO > Central Services > Technical Operation > Vale - Sorowako > Technical - Vale Sorowako
ORG_SEC_central_services_training_center,ORG_DEPT_central_services,section,Training Center,SEC_central_services_training_center,HERO > Central Services > Training Center
ORG_SEC_central_services_training_center_SITE_balikpapan,ORG_SEC_central_services_training_center,site,Balikpapan,SITE_balikpapan,HERO > Central Services > Training Center > Balikpapan
ORG_SEC_central_services_training_center_SITE_balikpapan_WORK_service_operation___pt_get_sebakis,ORG_SEC_central_services_training_center_SITE_balikpapan,work_location,Service Operation - PT GET Sebakis,WORK_service_operation___pt_get_sebakis,HERO > Central Services > Training Center > Balikpapan > Service Operation - PT GET Sebakis
ORG_SEC_finance___accounting_finance___accounting,ORG_DEPT_finance___accounting,section,Finance & Accounting,SEC_finance___accounting_finance___accounting,HERO > Finance & Accounting > Finance & Accounting
ORG_SEC_finance___accounting_finance___accounting_SITE_balikpapan,ORG_SEC_finance___accounting_finance___accounting,site,Balikpapan,SITE_balikpapan,HERO > Finance & Accounting > Finance & Accounting > Balikpapan
ORG_SEC_finance___accounting_finance___accounting_SITE_balikpapan_WORK_balikpapan,ORG_SEC_finance___accounting_finance___accounting_SITE_balikpapan,work_location,Balikpapan,WORK_balikpapan,HERO > Finance & Accounting > Finance & Accounting > Balikpapan > Balikpapan
ORG_SEC_finance___accounting_finance___accounting_SITE_jakarta,ORG_SEC_finance___accounting_finance___accounting,site,Jakarta,SITE_jakarta,HERO > Finance & Accounting > Finance & Accounting > Jakarta
ORG_SEC_finance___accounting_finance___accounting_SITE_jakarta_WORK_jakarta,ORG_SEC_finance___accounting_finance___accounting_SITE_jakarta,work_location,Jakarta,WORK_jakarta,HERO > Finance & Accounting > Finance & Accounting > Jakarta > Jakarta
ORG_SEC_finance___accounting_finance_support___external_relation,ORG_DEPT_finance___accounting,section,Finance Support & External Relation,SEC_finance___accounting_finance_support___external_relation,HERO > Finance & Accounting > Finance Support & External Relation
ORG_SEC_finance___accounting_finance_support___external_relation_SITE_jakarta,ORG_SEC_finance___accounting_finance_support___external_relation,site,Jakarta,SITE_jakarta,HERO > Finance & Accounting > Finance Support & External Relation > Jakarta
ORG_SEC_finance___accounting_finance_support___external_relation_SITE_jakarta_WORK_jakarta,ORG_SEC_finance___accounting_finance_support___external_relation_SITE_jakarta,work_location,Jakarta,WORK_jakarta,HERO > Finance & Accounting > Finance Support & External Relation > Jakarta > Jakarta
ORG_SEC_human_capital_hr_ga,ORG_DEPT_human_capital,section,HR-GA,SEC_human_capital_hr_ga,HERO > Human Capital > HR-GA
ORG_SEC_human_capital_hr_ga_SITE_balikpapan,ORG_SEC_human_capital_hr_ga,site,Balikpapan,SITE_balikpapan,HERO > Human Capital > HR-GA > Balikpapan
ORG_SEC_human_capital_hr_ga_SITE_balikpapan_WORK_balikpapan,ORG_SEC_human_capital_hr_ga_SITE_balikpapan,work_location,Balikpapan,WORK_balikpapan,HERO > Human Capital > HR-GA > Balikpapan > Balikpapan
ORG_SEC_human_capital_hr_ga_SITE_jakarta,ORG_SEC_human_capital_hr_ga,site,Jakarta,SITE_jakarta,HERO > Human Capital > HR-GA > Jakarta
ORG_SEC_human_capital_hr_ga_SITE_jakarta_WORK_jakarta,ORG_SEC_human_capital_hr_ga_SITE_jakarta,work_location,Jakarta,WORK_jakarta,HERO > Human Capital > HR-GA > Jakarta > Jakarta
ORG_SEC_human_capital_hse,ORG_DEPT_human_capital,section,HSE,SEC_human_capital_hse,HERO > Human Capital > HSE
ORG_SEC_human_capital_hse_SITE_balikpapan,ORG_SEC_human_capital_hse,site,Balikpapan,SITE_balikpapan,HERO > Human Capital > HSE > Balikpapan
ORG_SEC_human_capital_hse_SITE_balikpapan_WORK_balikpapan,ORG_SEC_human_capital_hse_SITE_balikpapan,work_location,Balikpapan,WORK_balikpapan,HERO > Human Capital > HSE > Balikpapan > Balikpapan
ORG_SEC_human_capital_hse_SITE_ck_bib,ORG_SEC_human_capital_hse,site,CK BIB,SITE_ck_bib,HERO > Human Capital > HSE > CK BIB
ORG_SEC_human_capital_hse_SITE_ck_bib_WORK_hse___ck_bib,ORG_SEC_human_capital_hse_SITE_ck_bib,work_location,HSE - CK BIB,WORK_hse___ck_bib,HERO > Human Capital > HSE > CK BIB > HSE - CK BIB
ORG_SEC_human_capital_hse_SITE_ck_bmb,ORG_SEC_human_capital_hse,site,CK BMB,SITE_ck_bmb,HERO > Human Capital > HSE > CK BMB
ORG_SEC_human_capital_hse_SITE_ck_bmb_WORK_hse___ck_bmb,ORG_SEC_human_capital_hse_SITE_ck_bmb,work_location,HSE - CK BMB,WORK_hse___ck_bmb,HERO > Human Capital > HSE > CK BMB > HSE - CK BMB
ORG_SEC_human_capital_hse_SITE_ck_kim,ORG_SEC_human_capital_hse,site,CK KIM,SITE_ck_kim,HERO > Human Capital > HSE > CK KIM
ORG_SEC_human_capital_hse_SITE_ck_kim_WORK_hse___ck_kim,ORG_SEC_human_capital_hse_SITE_ck_kim,work_location,HSE - CK KIM,WORK_hse___ck_kim,HERO > Human Capital > HSE > CK KIM > HSE - CK KIM
ORG_SEC_human_capital_hse_SITE_ck_mhu,ORG_SEC_human_capital_hse,site,CK MHU,SITE_ck_mhu,HERO > Human Capital > HSE > CK MHU
ORG_SEC_human_capital_hse_SITE_ck_mhu_WORK_hse___ck_mhu,ORG_SEC_human_capital_hse_SITE_ck_mhu,work_location,HSE - CK MHU,WORK_hse___ck_mhu,HERO > Human Capital > HSE > CK MHU > HSE - CK MHU
ORG_SEC_human_capital_hse_SITE_sangatta,ORG_SEC_human_capital_hse,site,Sangatta,SITE_sangatta,HERO > Human Capital > HSE > Sangatta
ORG_SEC_human_capital_hse_SITE_sangatta_WORK_hse___sangatta,ORG_SEC_human_capital_hse_SITE_sangatta,work_location,HSE - Sangatta,WORK_hse___sangatta,HERO > Human Capital > HSE > Sangatta > HSE - Sangatta
ORG_SEC_human_capital_hse_SITE_vale___sorowako,ORG_SEC_human_capital_hse,site,Vale - Sorowako,SITE_vale___sorowako,HERO > Human Capital > HSE > Vale - Sorowako
ORG_SEC_human_capital_hse_SITE_vale___sorowako_WORK_hse___ck_kim,ORG_SEC_human_capital_hse_SITE_vale___sorowako,work_location,HSE - CK KIM,WORK_hse___ck_kim,HERO > Human Capital > HSE > Vale - Sorowako > HSE - CK KIM
ORG_SEC_human_capital_human_capital,ORG_DEPT_human_capital,section,Human Capital,SEC_human_capital_human_capital,HERO > Human Capital > Human Capital
ORG_SEC_human_capital_human_capital_SITE_jakarta,ORG_SEC_human_capital_human_capital,site,Jakarta,SITE_jakarta,HERO > Human Capital > Human Capital > Jakarta
ORG_SEC_human_capital_human_capital_SITE_jakarta_WORK_jakarta,ORG_SEC_human_capital_human_capital_SITE_jakarta,work_location,Jakarta,WORK_jakarta,HERO > Human Capital > Human Capital > Jakarta > Jakarta
ORG_SEC_human_capital_sales_kalimantan,ORG_DEPT_human_capital,section,Sales Kalimantan,SEC_human_capital_sales_kalimantan,HERO > Human Capital > Sales Kalimantan
ORG_SEC_human_capital_sales_kalimantan_SITE_balikpapan,ORG_SEC_human_capital_sales_kalimantan,site,Balikpapan,SITE_balikpapan,HERO > Human Capital > Sales Kalimantan > Balikpapan
ORG_SEC_human_capital_sales_kalimantan_SITE_balikpapan_WORK_balikpapan,ORG_SEC_human_capital_sales_kalimantan_SITE_balikpapan,work_location,Balikpapan,WORK_balikpapan,HERO > Human Capital > Sales Kalimantan > Balikpapan > Balikpapan
ORG_SEC_human_capital_training_center,ORG_DEPT_human_capital,section,Training Center,SEC_human_capital_training_center,HERO > Human Capital > Training Center
ORG_SEC_human_capital_training_center_SITE_balikpapan,ORG_SEC_human_capital_training_center,site,Balikpapan,SITE_balikpapan,HERO > Human Capital > Training Center > Balikpapan
ORG_SEC_human_capital_training_center_SITE_balikpapan_WORK_balikpapan,ORG_SEC_human_capital_training_center_SITE_balikpapan,work_location,Balikpapan,WORK_balikpapan,HERO > Human Capital > Training Center > Balikpapan > Balikpapan
ORG_SEC_legal___erm_legal___erm__insurance,ORG_DEPT_legal___erm,section,Legal & ERM (Insurance),SEC_legal___erm_legal___erm__insurance,HERO > Legal & ERM > Legal & ERM (Insurance)
ORG_SEC_legal___erm_legal___erm__insurance_SITE_jakarta,ORG_SEC_legal___erm_legal___erm__insurance,site,Jakarta,SITE_jakarta,HERO > Legal & ERM > Legal & ERM (Insurance) > Jakarta
ORG_SEC_legal___erm_legal___erm__insurance_SITE_jakarta_WORK_jakarta,ORG_SEC_legal___erm_legal___erm__insurance_SITE_jakarta,work_location,Jakarta,WORK_jakarta,HERO > Legal & ERM > Legal & ERM (Insurance) > Jakarta > Jakarta
ORG_SEC_management_management,ORG_DEPT_management,section,Management,SEC_management_management,HERO > Management > Management
ORG_SEC_management_management_SITE_jakarta,ORG_SEC_management_management,site,Jakarta,SITE_jakarta,HERO > Management > Management > Jakarta
ORG_SEC_management_management_SITE_jakarta_WORK_jakarta,ORG_SEC_management_management_SITE_jakarta,work_location,Jakarta,WORK_jakarta,HERO > Management > Management > Jakarta > Jakarta
ORG_SEC_sales_operation_major_account,ORG_DEPT_sales_operation,section,Major Account,SEC_sales_operation_major_account,HERO > Sales Operation > Major Account
ORG_SEC_sales_operation_major_account_SITE_balikpapan,ORG_SEC_sales_operation_major_account,site,Balikpapan,SITE_balikpapan,HERO > Sales Operation > Major Account > Balikpapan
ORG_SEC_sales_operation_major_account_SITE_balikpapan_WORK_balikpapan,ORG_SEC_sales_operation_major_account_SITE_balikpapan,work_location,Balikpapan,WORK_balikpapan,HERO > Sales Operation > Major Account > Balikpapan > Balikpapan
ORG_SEC_sales_operation_major_account_SITE_balikpapan_WORK_makassar,ORG_SEC_sales_operation_major_account_SITE_balikpapan,work_location,Makassar,WORK_makassar,HERO > Sales Operation > Major Account > Balikpapan > Makassar
ORG_SEC_sales_operation_major_account_SITE_jakarta,ORG_SEC_sales_operation_major_account,site,Jakarta,SITE_jakarta,HERO > Sales Operation > Major Account > Jakarta
ORG_SEC_sales_operation_major_account_SITE_jakarta_WORK_jakarta,ORG_SEC_sales_operation_major_account_SITE_jakarta,work_location,Jakarta,WORK_jakarta,HERO > Sales Operation > Major Account > Jakarta > Jakarta
ORG_SEC_sales_operation_major_account_SITE_palembang,ORG_SEC_sales_operation_major_account,site,Palembang,SITE_palembang,HERO > Sales Operation > Major Account > Palembang
ORG_SEC_sales_operation_major_account_SITE_palembang_WORK_palembang,ORG_SEC_sales_operation_major_account_SITE_palembang,work_location,Palembang,WORK_palembang,HERO > Sales Operation > Major Account > Palembang > Palembang
ORG_SEC_sales_operation_major_account_SITE_pekanbaru,ORG_SEC_sales_operation_major_account,site,Pekanbaru,SITE_pekanbaru,HERO > Sales Operation > Major Account > Pekanbaru
ORG_SEC_sales_operation_major_account_SITE_pekanbaru_WORK_pekanbaru,ORG_SEC_sales_operation_major_account_SITE_pekanbaru,work_location,Pekanbaru,WORK_pekanbaru,HERO > Sales Operation > Major Account > Pekanbaru > Pekanbaru
ORG_SEC_sales_operation_major_account_SITE_sebamban,ORG_SEC_sales_operation_major_account,site,Sebamban,SITE_sebamban,HERO > Sales Operation > Major Account > Sebamban
ORG_SEC_sales_operation_major_account_SITE_sebamban_WORK_sebamban,ORG_SEC_sales_operation_major_account_SITE_sebamban,work_location,Sebamban,WORK_sebamban,HERO > Sales Operation > Major Account > Sebamban > Sebamban
ORG_SEC_sales_operation_national_sales,ORG_DEPT_sales_operation,section,National Sales,SEC_sales_operation_national_sales,HERO > Sales Operation > National Sales
ORG_SEC_sales_operation_national_sales_SITE_jakarta,ORG_SEC_sales_operation_national_sales,site,Jakarta,SITE_jakarta,HERO > Sales Operation > National Sales > Jakarta
ORG_SEC_sales_operation_national_sales_SITE_jakarta_WORK_jakarta,ORG_SEC_sales_operation_national_sales_SITE_jakarta,work_location,Jakarta,WORK_jakarta,HERO > Sales Operation > National Sales > Jakarta > Jakarta
ORG_SEC_sales_operation_sales_east_indonesia,ORG_DEPT_sales_operation,section,Sales East Indonesia,SEC_sales_operation_sales_east_indonesia,HERO > Sales Operation > Sales East Indonesia
ORG_SEC_sales_operation_sales_east_indonesia_SITE_makassar,ORG_SEC_sales_operation_sales_east_indonesia,site,Makassar,SITE_makassar,HERO > Sales Operation > Sales East Indonesia > Makassar
ORG_SEC_sales_operation_sales_east_indonesia_SITE_makassar_WORK_kendari,ORG_SEC_sales_operation_sales_east_indonesia_SITE_makassar,work_location,Kendari,WORK_kendari,HERO > Sales Operation > Sales East Indonesia > Makassar > Kendari
ORG_SEC_sales_operation_sales_kalimantan,ORG_DEPT_sales_operation,section,Sales Kalimantan,SEC_sales_operation_sales_kalimantan,HERO > Sales Operation > Sales Kalimantan
ORG_SEC_sales_operation_sales_kalimantan_SITE_balikpapan,ORG_SEC_sales_operation_sales_kalimantan,site,Balikpapan,SITE_balikpapan,HERO > Sales Operation > Sales Kalimantan > Balikpapan
ORG_SEC_sales_operation_sales_kalimantan_SITE_balikpapan_WORK_balikpapan,ORG_SEC_sales_operation_sales_kalimantan_SITE_balikpapan,work_location,Balikpapan,WORK_balikpapan,HERO > Sales Operation > Sales Kalimantan > Balikpapan > Balikpapan
ORG_SEC_sales_operation_sales_kalimantan_SITE_sangatta,ORG_SEC_sales_operation_sales_kalimantan,site,Sangatta,SITE_sangatta,HERO > Sales Operation > Sales Kalimantan > Sangatta
ORG_SEC_sales_operation_sales_kalimantan_SITE_sangatta_WORK_sangatta,ORG_SEC_sales_operation_sales_kalimantan_SITE_sangatta,work_location,Sangatta,WORK_sangatta,HERO > Sales Operation > Sales Kalimantan > Sangatta > Sangatta
ORG_SEC_sales_operation_sales_kalimantan_SITE_tj__redeb___berau,ORG_SEC_sales_operation_sales_kalimantan,site,Tj. Redeb - Berau,SITE_tj__redeb___berau,HERO > Sales Operation > Sales Kalimantan > Tj. Redeb - Berau
ORG_SEC_sales_operation_sales_kalimantan_SITE_tj__redeb___berau_WORK_tj__redeb___berau,ORG_SEC_sales_operation_sales_kalimantan_SITE_tj__redeb___berau,work_location,Tj. Redeb - Berau,WORK_tj__redeb___berau,HERO > Sales Operation > Sales Kalimantan > Tj. Redeb - Berau > Tj. Redeb - Berau
ORG_SEC_sales_operation_technical_operation,ORG_DEPT_sales_operation,section,Technical Operation,SEC_sales_operation_technical_operation,HERO > Sales Operation > Technical Operation
ORG_SEC_sales_operation_technical_operation_SITE_palembang,ORG_SEC_sales_operation_technical_operation,site,Palembang,SITE_palembang,HERO > Sales Operation > Technical Operation > Palembang
ORG_SEC_sales_operation_technical_operation_SITE_palembang_WORK_palembang,ORG_SEC_sales_operation_technical_operation_SITE_palembang,work_location,Palembang,WORK_palembang,HERO > Sales Operation > Technical Operation > Palembang > Palembang
ORG_SEC_supply_chain_dept_biling,ORG_DEPT_supply_chain_dept,section,Biling,SEC_supply_chain_dept_biling,HERO > Supply Chain Dept > Biling
ORG_SEC_supply_chain_dept_biling_SITE_balikpapan,ORG_SEC_supply_chain_dept_biling,site,Balikpapan,SITE_balikpapan,HERO > Supply Chain Dept > Biling > Balikpapan
ORG_SEC_supply_chain_dept_biling_SITE_balikpapan_WORK_balikpapan,ORG_SEC_supply_chain_dept_biling_SITE_balikpapan,work_location,Balikpapan,WORK_balikpapan,HERO > Supply Chain Dept > Biling > Balikpapan > Balikpapan
ORG_SEC_supply_chain_dept_biling_SITE_jakarta,ORG_SEC_supply_chain_dept_biling,site,Jakarta,SITE_jakarta,HERO > Supply Chain Dept > Biling > Jakarta
ORG_SEC_supply_chain_dept_biling_SITE_jakarta_WORK_jakarta,ORG_SEC_supply_chain_dept_biling_SITE_jakarta,work_location,Jakarta,WORK_jakarta,HERO > Supply Chain Dept > Biling > Jakarta > Jakarta
ORG_SEC_supply_chain_dept_billing,ORG_DEPT_supply_chain_dept,section,Billing,SEC_supply_chain_dept_billing,HERO > Supply Chain Dept > Billing
ORG_SEC_supply_chain_dept_billing_SITE_jakarta,ORG_SEC_supply_chain_dept_billing,site,Jakarta,SITE_jakarta,HERO > Supply Chain Dept > Billing > Jakarta
ORG_SEC_supply_chain_dept_billing_SITE_jakarta_WORK_jakarta,ORG_SEC_supply_chain_dept_billing_SITE_jakarta,work_location,Jakarta,WORK_jakarta,HERO > Supply Chain Dept > Billing > Jakarta > Jakarta
ORG_SEC_supply_chain_dept_exim___compliance,ORG_DEPT_supply_chain_dept,section,Exim & Compliance,SEC_supply_chain_dept_exim___compliance,HERO > Supply Chain Dept > Exim & Compliance
ORG_SEC_supply_chain_dept_exim___compliance_SITE_jakarta,ORG_SEC_supply_chain_dept_exim___compliance,site,Jakarta,SITE_jakarta,HERO > Supply Chain Dept > Exim & Compliance > Jakarta
ORG_SEC_supply_chain_dept_exim___compliance_SITE_jakarta_WORK_jakarta,ORG_SEC_supply_chain_dept_exim___compliance_SITE_jakarta,work_location,Jakarta,WORK_jakarta,HERO > Supply Chain Dept > Exim & Compliance > Jakarta > Jakarta
ORG_SEC_supply_chain_dept_export_import_compliance___principal_relation,ORG_DEPT_supply_chain_dept,section,Export Import Compliance & Principal Relation,SEC_supply_chain_dept_export_import_compliance___principal_relation,HERO > Supply Chain Dept > Export Import Compliance & Principal Relation
ORG_SEC_supply_chain_dept_export_import_compliance___principal_relation_SITE_jakarta,ORG_SEC_supply_chain_dept_export_import_compliance___principal_relation,site,Jakarta,SITE_jakarta,HERO > Supply Chain Dept > Export Import Compliance & Principal Relation > Jakarta
ORG_SEC_supply_chain_dept_export_import_compliance___principal_relation_SITE_jakarta_WORK_jakarta,ORG_SEC_supply_chain_dept_export_import_compliance___principal_relation_SITE_jakarta,work_location,Jakarta,WORK_jakarta,HERO > Supply Chain Dept > Export Import Compliance & Principal Relation > Jakarta > Jakarta
ORG_SEC_supply_chain_dept_inventory,ORG_DEPT_supply_chain_dept,section,Inventory,SEC_supply_chain_dept_inventory,HERO > Supply Chain Dept > Inventory
ORG_SEC_supply_chain_dept_inventory_SITE_balikpapan,ORG_SEC_supply_chain_dept_inventory,site,Balikpapan,SITE_balikpapan,HERO > Supply Chain Dept > Inventory > Balikpapan
ORG_SEC_supply_chain_dept_inventory_SITE_balikpapan_WORK_balikpapan,ORG_SEC_supply_chain_dept_inventory_SITE_balikpapan,work_location,Balikpapan,WORK_balikpapan,HERO > Supply Chain Dept > Inventory > Balikpapan > Balikpapan
ORG_SEC_supply_chain_dept_logistic_management,ORG_DEPT_supply_chain_dept,section,Logistic Management,SEC_supply_chain_dept_logistic_management,HERO > Supply Chain Dept > Logistic Management
ORG_SEC_supply_chain_dept_logistic_management_SITE_balikpapan,ORG_SEC_supply_chain_dept_logistic_management,site,Balikpapan,SITE_balikpapan,HERO > Supply Chain Dept > Logistic Management > Balikpapan
ORG_SEC_supply_chain_dept_logistic_management_SITE_balikpapan_WORK_balikpapan,ORG_SEC_supply_chain_dept_logistic_management_SITE_balikpapan,work_location,Balikpapan,WORK_balikpapan,HERO > Supply Chain Dept > Logistic Management > Balikpapan > Balikpapan
ORG_SEC_supply_chain_dept_procurement,ORG_DEPT_supply_chain_dept,section,Procurement,SEC_supply_chain_dept_procurement,HERO > Supply Chain Dept > Procurement
ORG_SEC_supply_chain_dept_procurement_SITE_balikpapan,ORG_SEC_supply_chain_dept_procurement,site,Balikpapan,SITE_balikpapan,HERO > Supply Chain Dept > Procurement > Balikpapan
ORG_SEC_supply_chain_dept_procurement_SITE_balikpapan_WORK_balikpapan,ORG_SEC_supply_chain_dept_procurement_SITE_balikpapan,work_location,Balikpapan,WORK_balikpapan,HERO > Supply Chain Dept > Procurement > Balikpapan > Balikpapan
ORG_SEC_supply_chain_dept_supply_chain,ORG_DEPT_supply_chain_dept,section,Supply Chain,SEC_supply_chain_dept_supply_chain,HERO > Supply Chain Dept > Supply Chain
ORG_SEC_supply_chain_dept_supply_chain_SITE_jakarta,ORG_SEC_supply_chain_dept_supply_chain,site,Jakarta,SITE_jakarta,HERO > Supply Chain Dept > Supply Chain > Jakarta
ORG_SEC_supply_chain_dept_supply_chain_SITE_jakarta_WORK_jakarta,ORG_SEC_supply_chain_dept_supply_chain_SITE_jakarta,work_location,Jakarta,WORK_jakarta,HERO > Supply Chain Dept > Supply Chain > Jakarta > Jakarta
ORG_SEC_supply_chain_dept_warehouse___distribution,ORG_DEPT_supply_chain_dept,section,Warehouse & Distribution,SEC_supply_chain_dept_warehouse___distribution,HERO > Supply Chain Dept > Warehouse & Distribution
ORG_SEC_supply_chain_dept_warehouse___distribution_SITE_balikpapan,ORG_SEC_supply_chain_dept_warehouse___distribution,site,Balikpapan,SITE_balikpapan,HERO > Supply Chain Dept > Warehouse & Distribution > Balikpapan
ORG_SEC_supply_chain_dept_warehouse___distribution_SITE_balikpapan_WORK_balikpapan,ORG_SEC_supply_chain_dept_warehouse___distribution_SITE_balikpapan,work_location,Balikpapan,WORK_balikpapan,HERO > Supply Chain Dept > Warehouse & Distribution > Balikpapan > Balikpapan
ORG_SEC_supply_chain_dept_warehouse___distribution_SITE_jakarta,ORG_SEC_supply_chain_dept_warehouse___distribution,site,Jakarta,SITE_jakarta,HERO > Supply Chain Dept > Warehouse & Distribution > Jakarta
ORG_SEC_supply_chain_dept_warehouse___distribution_SITE_jakarta_WORK_jakarta,ORG_SEC_supply_chain_dept_warehouse___distribution_SITE_jakarta,work_location,Jakarta,WORK_jakarta,HERO > Supply Chain Dept > Warehouse & Distribution > Jakarta > Jakarta
ORG_SEC_support_facilities_management_facility___maintenance,ORG_DEPT_support_facilities_management,section,Facility & Maintenance,SEC_support_facilities_management_facility___maintenance,HERO > Support Facilities Management > Facility & Maintenance
ORG_SEC_support_facilities_management_facility___maintenance_SITE_balikpapan,ORG_SEC_support_facilities_management_facility___maintenance,site,Balikpapan,SITE_balikpapan,HERO > Support Facilities Management > Facility & Maintenance > Balikpapan
ORG_SEC_support_facilities_management_facility___maintenance_SITE_balikpapan_WORK_balikpapan,ORG_SEC_support_facilities_management_facility___maintenance_SITE_balikpapan,work_location,Balikpapan,WORK_balikpapan,HERO > Support Facilities Management > Facility & Maintenance > Balikpapan > Balikpapan
ORG_SEC_support_facilities_management_facility___maintenance_SITE_sangatta,ORG_SEC_support_facilities_management_facility___maintenance,site,Sangatta,SITE_sangatta,HERO > Support Facilities Management > Facility & Maintenance > Sangatta
ORG_SEC_support_facilities_management_facility___maintenance_SITE_sangatta_WORK_sangatta,ORG_SEC_support_facilities_management_facility___maintenance_SITE_sangatta,work_location,Sangatta,WORK_sangatta,HERO > Support Facilities Management > Facility & Maintenance > Sangatta > Sangatta
ORG_SEC_support_facilities_management_support_facility_management,ORG_DEPT_support_facilities_management,section,Support Facility Management,SEC_support_facilities_management_support_facility_management,HERO > Support Facilities Management > Support Facility Management
ORG_SEC_support_facilities_management_support_facility_management_SITE_balikpapan,ORG_SEC_support_facilities_management_support_facility_management,site,Balikpapan,SITE_balikpapan,HERO > Support Facilities Management > Support Facility Management > Balikpapan
ORG_SEC_support_facilities_management_support_facility_management_SITE_balikpapan_WORK_balikpapan,ORG_SEC_support_facilities_management_support_facility_management_SITE_balikpapan,work_location,Balikpapan,WORK_balikpapan,HERO > Support Facilities Management > Support Facility Management > Balikpapan > Balikpapan
